egg,condition,dirt_level,note,labelled_by
duck-01,dirty,1,one faint streak; borderline,"course author, by eye, draft"
duck-02,dirty,2,brown patch and spots,"course author, by eye, draft"
duck-03,dirty,1,a few light marks,"course author, by eye, draft"
duck-04,dirty,2,heavy spotting,"course author, by eye, draft"
duck-05,dirty,2,heavy spotting,"course author, by eye, draft"
duck-06,dirty,2,smears,"course author, by eye, draft"
duck-07,dirty,1,light streaks,"course author, by eye, draft"
duck-08,dirty,2,smear band,"course author, by eye, draft"
duck-09,dirty,2,smears,"course author, by eye, draft"
duck-10,dirty,2,smear band,"course author, by eye, draft"
duck-11,dirty,1,"tan shell, one pit or hole; dirty-or-cracked borderline, not clean either way","course author, by eye, draft"
duck-12,dirty,1,light marks,"course author, by eye, draft"
tray-01,clean,0,,"course author, by eye, draft"
tray-02,clean,0,,"course author, by eye, draft"
tray-03,clean,0,,"course author, by eye, draft"
tray-04,clean,0,,"course author, by eye, draft"
tray-05,clean,0,,"course author, by eye, draft"
tray-06,clean,0,,"course author, by eye, draft"
box10-01,clean,0,,"course author, by eye, draft"
box10-02,clean,0,,"course author, by eye, draft"
box10-03,clean,0,,"course author, by eye, draft"
box10-04,clean,0,,"course author, by eye, draft"
box10-05,clean,0,,"course author, by eye, draft"
box10-06,clean,0,,"course author, by eye, draft"
box10-07,clean,0,,"course author, by eye, draft"
box10-08,clean,0,,"course author, by eye, draft"
box10-09,clean,0,,"course author, by eye, draft"
box10-10,clean,0,,"course author, by eye, draft"
broken-01,cracked,0,"shell broken open, not a hairline crack","course author, by eye, draft"
broken-02,cracked,0,"shell broken open, not a hairline crack","course author, by eye, draft"
broken-03,cracked,0,"shell broken open, not a hairline crack","course author, by eye, draft"
single-01,clean,0,,"course author, by eye, draft"
single-02,clean,0,,"course author, by eye, draft"
