egg,file,source_file,licence,author,page
duck-01,duck-01.jpg,Dirty_Cayuga_Duck_Eggs.jpg,CC0,Burnerburnerburner8,https://commons.wikimedia.org/wiki/File:Dirty_Cayuga_Duck_Eggs.jpg
duck-02,duck-02.jpg,Dirty_Cayuga_Duck_Eggs.jpg,CC0,Burnerburnerburner8,https://commons.wikimedia.org/wiki/File:Dirty_Cayuga_Duck_Eggs.jpg
duck-03,duck-03.jpg,Dirty_Cayuga_Duck_Eggs.jpg,CC0,Burnerburnerburner8,https://commons.wikimedia.org/wiki/File:Dirty_Cayuga_Duck_Eggs.jpg
duck-04,duck-04.jpg,Dirty_Cayuga_Duck_Eggs.jpg,CC0,Burnerburnerburner8,https://commons.wikimedia.org/wiki/File:Dirty_Cayuga_Duck_Eggs.jpg
duck-05,duck-05.jpg,Dirty_Cayuga_Duck_Eggs.jpg,CC0,Burnerburnerburner8,https://commons.wikimedia.org/wiki/File:Dirty_Cayuga_Duck_Eggs.jpg
duck-06,duck-06.jpg,Dirty_Cayuga_Duck_Eggs.jpg,CC0,Burnerburnerburner8,https://commons.wikimedia.org/wiki/File:Dirty_Cayuga_Duck_Eggs.jpg
duck-07,duck-07.jpg,Dirty_Cayuga_Duck_Eggs.jpg,CC0,Burnerburnerburner8,https://commons.wikimedia.org/wiki/File:Dirty_Cayuga_Duck_Eggs.jpg
duck-08,duck-08.jpg,Dirty_Cayuga_Duck_Eggs.jpg,CC0,Burnerburnerburner8,https://commons.wikimedia.org/wiki/File:Dirty_Cayuga_Duck_Eggs.jpg
duck-09,duck-09.jpg,Dirty_Cayuga_Duck_Eggs.jpg,CC0,Burnerburnerburner8,https://commons.wikimedia.org/wiki/File:Dirty_Cayuga_Duck_Eggs.jpg
duck-10,duck-10.jpg,Dirty_Cayuga_Duck_Eggs.jpg,CC0,Burnerburnerburner8,https://commons.wikimedia.org/wiki/File:Dirty_Cayuga_Duck_Eggs.jpg
duck-11,duck-11.jpg,Dirty_Cayuga_Duck_Eggs.jpg,CC0,Burnerburnerburner8,https://commons.wikimedia.org/wiki/File:Dirty_Cayuga_Duck_Eggs.jpg
duck-12,duck-12.jpg,Dirty_Cayuga_Duck_Eggs.jpg,CC0,Burnerburnerburner8,https://commons.wikimedia.org/wiki/File:Dirty_Cayuga_Duck_Eggs.jpg
tray-01,tray-01.jpg,A_Tray_Of_Eggs.jpg,CC0,safaritravelplus,https://commons.wikimedia.org/wiki/File:A_Tray_Of_Eggs.jpg
tray-02,tray-02.jpg,A_Tray_Of_Eggs.jpg,CC0,safaritravelplus,https://commons.wikimedia.org/wiki/File:A_Tray_Of_Eggs.jpg
tray-03,tray-03.jpg,A_Tray_Of_Eggs.jpg,CC0,safaritravelplus,https://commons.wikimedia.org/wiki/File:A_Tray_Of_Eggs.jpg
tray-04,tray-04.jpg,A_Tray_Of_Eggs.jpg,CC0,safaritravelplus,https://commons.wikimedia.org/wiki/File:A_Tray_Of_Eggs.jpg
tray-05,tray-05.jpg,A_Tray_Of_Eggs.jpg,CC0,safaritravelplus,https://commons.wikimedia.org/wiki/File:A_Tray_Of_Eggs.jpg
tray-06,tray-06.jpg,A_Tray_Of_Eggs.jpg,CC0,safaritravelplus,https://commons.wikimedia.org/wiki/File:A_Tray_Of_Eggs.jpg
box10-01,box10-01.jpg,Ten_chicken_eggs.jpg,CC0,Achim,https://commons.wikimedia.org/wiki/File:Ten_chicken_eggs.jpg
box10-02,box10-02.jpg,Ten_chicken_eggs.jpg,CC0,Achim,https://commons.wikimedia.org/wiki/File:Ten_chicken_eggs.jpg
box10-03,box10-03.jpg,Ten_chicken_eggs.jpg,CC0,Achim,https://commons.wikimedia.org/wiki/File:Ten_chicken_eggs.jpg
box10-04,box10-04.jpg,Ten_chicken_eggs.jpg,CC0,Achim,https://commons.wikimedia.org/wiki/File:Ten_chicken_eggs.jpg
box10-05,box10-05.jpg,Ten_chicken_eggs.jpg,CC0,Achim,https://commons.wikimedia.org/wiki/File:Ten_chicken_eggs.jpg
box10-06,box10-06.jpg,Ten_chicken_eggs.jpg,CC0,Achim,https://commons.wikimedia.org/wiki/File:Ten_chicken_eggs.jpg
box10-07,box10-07.jpg,Ten_chicken_eggs.jpg,CC0,Achim,https://commons.wikimedia.org/wiki/File:Ten_chicken_eggs.jpg
box10-08,box10-08.jpg,Ten_chicken_eggs.jpg,CC0,Achim,https://commons.wikimedia.org/wiki/File:Ten_chicken_eggs.jpg
box10-09,box10-09.jpg,Ten_chicken_eggs.jpg,CC0,Achim,https://commons.wikimedia.org/wiki/File:Ten_chicken_eggs.jpg
box10-10,box10-10.jpg,Ten_chicken_eggs.jpg,CC0,Achim,https://commons.wikimedia.org/wiki/File:Ten_chicken_eggs.jpg
broken-01,broken-01.jpg,Broken_egg_with_tent_and_Estonian_flag.jpg,CC0,Sanqui,https://commons.wikimedia.org/wiki/File:Broken_egg_with_tent_and_Estonian_flag.jpg
broken-02,broken-02.jpg,Egg_yolk-1460404.jpg,CC0,Aline Ponce,https://commons.wikimedia.org/wiki/File:Egg_yolk-1460404.jpg
broken-03,broken-03.jpg,Rotten_egg.png,CC0,01x07x2022000,https://commons.wikimedia.org/wiki/File:Rotten_egg.png
single-01,single-01.jpg,Brown_chicken_egg.jpg,Public domain,Garitzko,https://commons.wikimedia.org/wiki/File:Brown_chicken_egg.jpg
single-02,single-02.jpg,Egg_upright.jpg,Public domain,Paolo Neo,https://commons.wikimedia.org/wiki/File:Egg_upright.jpg
